objectPath,objectName,objectType,id
/Explore/capstone_project,MappingTask13,MTT,0wJcApv3aq7bpDMiJ48dCi
/SYS,REAL_ESTATE_SF,Connection,a7NyFRahFvSb9Ec2dYVyKz
/Explore/capstone_project,Mapping31,DTEMPLATE,fd1ouWjw70qeXAHuECu5Wg
/Explore/capstone_project,M_DIM_DATE_SCD,DTEMPLATE,1lYgbWYeoYQgVic2tCSCW2
/Explore/capstone_project,CP_FACT_TASKFLOW,TASKFLOW,fOv1FmIS72TjkvlDbGK9q6
/Explore,capstone_project,Project,6YwajIkdsqicKB6tRrvFAS
/Explore/capstone_project,MT_DIM_DATE,MTT,0uhjVJNgZUrbQp8wTBjWie
/Explore/capstone_project,M_DIM_CITY_SCD1,DTEMPLATE,cViBHEPBtyoih7AX7rZ4kE
/Explore/capstone_project,MT_DIM_CITIES,MTT,82956itcPYpet1cojXKeOJ
/SYS,DESKTOP-0FU31RQ,AgentGroup,2mDaOIb8lsdiEfnCSoPce3
/Explore/capstone_project,M_DIM_PROPERTIES_SCD,DTEMPLATE,2QVcuCoECWLeTrowftMXAy
/Explore/capstone_project,MT_DIM_PROPERTIES,MTT,2AmGCkkR9Z5g9GLC2LhBmA
/Explore/capstone_project,M_DIM_DEVELOPERS_SCD,DTEMPLATE,3QiXrzHn6D2jhYk2GicBcy
/Explore/capstone_project,CP_DIMENSIONS_TASKFLOW,TASKFLOW,7FGHqUeCkCubCZyXGbVoIg
/Explore/capstone_project,MT_DIM_DEVELOPERS,MTT,amg1QFIQ1lFlwghTvoP06s