<aetgt:getResponse xmlns:aetgt="http://schemas.active-endpoints.com/appmodules/repository/2010/10/avrepository.xsd"
                   xmlns:types1="http://schemas.active-endpoints.com/appmodules/repository/2010/10/avrepository.xsd">
   <types1:Item>
      <types1:EntryId>hrWvbeGoQwg74Rp-gt-124266069-2026-02-06T10:16:30.113Z::tf.xml</types1:EntryId>
      <types1:Name>CP_DIMENSIONS_TASKFLOW</types1:Name>
      <types1:MimeType>application/xml+taskflow</types1:MimeType>
      <types1:Description/>
      <types1:AppliesTo/>
      <types1:Tags/>
      <types1:VersionLabel>1.0</types1:VersionLabel>
      <types1:State>CURRENT</types1:State>
      <types1:ProcessGroup/>
      <types1:CreatedBy>sharad.jha@ltimindtree.com</types1:CreatedBy>
      <types1:CreationDate>2026-02-06T10:16:30Z</types1:CreationDate>
      <types1:ModifiedBy>sharad.jha@ltimindtree.com</types1:ModifiedBy>
      <types1:ModificationDate>2026-02-06T14:56:39Z</types1:ModificationDate>
      <types1:PublicationStatus>unpublished</types1:PublicationStatus>
      <types1:Entry>
         <taskflow xmlns="http://schemas.active-endpoints.com/appmodules/screenflow/2010/10/avosScreenflow.xsd"
                   xmlns:tfm="http://schemas.active-endpoints.com/appmodules/screenflow/2021/04/taskflowModel.xsd"
                   xmlns:list="urn:activevos:spi:list:functions"
                   displayName="CP_DIMENSIONS_TASKFLOW"
                   name="CP_DIMENSIONS_TASKFLOW"
                   overrideAPIName="false">
            <parameterSet xmlns="http://schemas.active-endpoints.com/appmodules/screenflow/2021/04/taskflowModel.xsd"/>
            <appliesTo/>
            <description/>
            <tags/>
            <generator>Informatica Process Designer 11</generator>
            <input>
               <parameter description="" name="status" type="string">
                  <options>
                     <option name="required">false</option>
                  </options>
               </parameter>
            </input>
            <tempFields>
               <field description="" name="DIM_DEVELOPERS" type="reference">
                  <options>
                     <option name="failOnNotRun">false</option>
                     <option name="failOnFault">false</option>
                     <option name="referenceTo">$po:MT-DIM-DEVELOPERS-amg1QFIQ1lFlwghTvoP06s</option>
                  </options>
               </field>
               <field description="" name="DIM_CITIES" type="reference">
                  <options>
                     <option name="failOnNotRun">false</option>
                     <option name="failOnFault">false</option>
                     <option name="referenceTo">$po:MT-DIM-CITIES-82956itcPYpet1cojXKeOJ</option>
                  </options>
               </field>
               <field description="" name="DIM_DATE" type="reference">
                  <options>
                     <option name="failOnNotRun">false</option>
                     <option name="failOnFault">false</option>
                     <option name="referenceTo">$po:MT-DIM-DATE-0uhjVJNgZUrbQp8wTBjWie</option>
                  </options>
               </field>
               <field description="" name="DIM_PROPERTIES" type="reference">
                  <options>
                     <option name="failOnNotRun">false</option>
                     <option name="failOnFault">false</option>
                     <option name="referenceTo">$po:MT-DIM-PROPERTIES-2AmGCkkR9Z5g9GLC2LhBmA</option>
                  </options>
               </field>
               <field description="" name="FACT_TASKFLOW" type="reference">
                  <options>
                     <option name="referenceTo">$po:InternalInfaSubTaskflowField</option>
                     <option name="failOnNotRun">false</option>
                     <option name="failOnFault">false</option>
                  </options>
               </field>
            </tempFields>
            <notes/>
            <deployment skipIfRunning="false" suspendOnFault="false" tracingLevel="verbose">
               <rest>
                  <allowedUsers>
                     <user>sharad.jha@ltimindtree.com</user>
                  </allowedUsers>
               </rest>
            </deployment>
            <extData>
               <nvpair name="treatEmptyStringAsNotNull">false</nvpair>
               <nvpair name="treatEmptyObjectListAsArray">false</nvpair>
            </extData>
            <flow id="a">
               <start id="b">
                  <link id="j3wg4fhg" targetId="j3wg4fhf"/>
               </start>
               <container id="j3wg4fhf" type="parallel">
                  <title>Parallel Paths 1</title>
                  <flow id="j3wg4fhj">
                     <eventContainer id="mlaqc4ck">
                        <service id="j3wg4fhu">
                           <title>DIM_DATE</title>
                           <serviceName>ICSExecuteDataTask</serviceName>
                           <serviceGUID/>
                           <serviceInput>
                              <parameter name="Wait for Task to Complete" source="constant" updatable="true">true</parameter>
                              <parameter name="Max Wait" source="constant" updatable="true">604800</parameter>
                              <parameter name="Task Name" source="constant" updatable="true">MT_DIM_DATE</parameter>
                              <parameter name="GUID" source="constant" updatable="true">0uhjVJNgZUrbQp8wTBjWie</parameter>
                              <parameter name="Task Type" source="constant" updatable="true">MCT</parameter>
                              <parameter name="Has Inout Parameters" source="constant" updatable="true">true</parameter>
                              <parameter name="taskField" source="nested">
                                 <operation source="field" to="MT-DIM-DATE-0uhjVJNgZUrbQp8wTBjWie">temp.DIM_DATE</operation>
                              </parameter>
                           </serviceInput>
                           <serviceOutput>
                              <operation source="field" to="temp.DIM_DATE/output/Object_Name">Object Name</operation>
                              <operation source="field" to="temp.DIM_DATE/output/Run_Id">Run Id</operation>
                              <operation source="field" to="temp.DIM_DATE/output/Log_Id">Log Id</operation>
                              <operation source="field" to="temp.DIM_DATE/output/Task_Id">Task Id</operation>
                              <operation source="field" to="temp.DIM_DATE/output/Task_Status">Task Status</operation>
                              <operation source="field" to="temp.DIM_DATE/output/Success_Source_Rows">Success Source Rows</operation>
                              <operation source="field" to="temp.DIM_DATE/output/Failed_Source_Rows">Failed Source Rows</operation>
                              <operation source="field" to="temp.DIM_DATE/output/Success_Target_Rows">Success Target Rows</operation>
                              <operation source="field" to="temp.DIM_DATE/output/Failed_Target_Rows">Failed Target Rows</operation>
                              <operation source="field" to="temp.DIM_DATE/output/Start_Time">Start Time</operation>
                              <operation source="field" to="temp.DIM_DATE/output/End_Time">End Time</operation>
                              <operation source="field" to="temp.DIM_DATE/output/Error_Message">Error Message</operation>
                              <operation source="field" to="temp.DIM_DATE/output/TotalTransErrors">Total Transformation Errors</operation>
                              <operation source="field" to="temp.DIM_DATE/output/FirstErrorCode">First Error Code</operation>
                              <operation source="field" to="temp.DIM_DATE/inout/P_START_YEAR">P_START_YEAR</operation>
                              <operation source="field" to="temp.DIM_DATE/inout/P_NO_OF_YEARS">P_NO_OF_YEARS</operation>
                           </serviceOutput>
                        </service>
                        <events>
                           <catch faultField="temp.DIM_DATE/fault"
                                  id="mlaqc4ci"
                                  interrupting="true"
                                  name="error">
                              <suspend/>
                           </catch>
                           <catch faultField="temp.DIM_DATE/fault"
                                  id="mlaqc4cj"
                                  interrupting="true"
                                  name="warning"/>
                        </events>
                     </eventContainer>
                     <link id="j3wg4fhk" targetId="j3wg4fhf" type="containerLink"/>
                  </flow>
                  <flow id="j3wg4fhm">
                     <eventContainer id="mlaqc4cw">
                        <service id="j3wg4fi4">
                           <title>DIM_PROPERTIES</title>
                           <serviceName>ICSExecuteDataTask</serviceName>
                           <serviceGUID/>
                           <serviceInput>
                              <parameter name="Wait for Task to Complete" source="constant" updatable="true">true</parameter>
                              <parameter name="Max Wait" source="constant" updatable="true">604800</parameter>
                              <parameter name="Task Name" source="constant" updatable="true">MT_DIM_PROPERTIES</parameter>
                              <parameter name="GUID" source="constant" updatable="true">2AmGCkkR9Z5g9GLC2LhBmA</parameter>
                              <parameter name="Task Type" source="constant" updatable="true">MCT</parameter>
                              <parameter name="Has Inout Parameters" source="constant" updatable="true">false</parameter>
                              <parameter name="taskField" source="nested">
                                 <operation source="field" to="MT-DIM-PROPERTIES-2AmGCkkR9Z5g9GLC2LhBmA">temp.DIM_PROPERTIES</operation>
                              </parameter>
                           </serviceInput>
                           <serviceOutput>
                              <operation source="field" to="temp.DIM_PROPERTIES/output/Object_Name">Object Name</operation>
                              <operation source="field" to="temp.DIM_PROPERTIES/output/Run_Id">Run Id</operation>
                              <operation source="field" to="temp.DIM_PROPERTIES/output/Log_Id">Log Id</operation>
                              <operation source="field" to="temp.DIM_PROPERTIES/output/Task_Id">Task Id</operation>
                              <operation source="field" to="temp.DIM_PROPERTIES/output/Task_Status">Task Status</operation>
                              <operation source="field" to="temp.DIM_PROPERTIES/output/Success_Source_Rows">Success Source Rows</operation>
                              <operation source="field" to="temp.DIM_PROPERTIES/output/Failed_Source_Rows">Failed Source Rows</operation>
                              <operation source="field" to="temp.DIM_PROPERTIES/output/Success_Target_Rows">Success Target Rows</operation>
                              <operation source="field" to="temp.DIM_PROPERTIES/output/Failed_Target_Rows">Failed Target Rows</operation>
                              <operation source="field" to="temp.DIM_PROPERTIES/output/Start_Time">Start Time</operation>
                              <operation source="field" to="temp.DIM_PROPERTIES/output/End_Time">End Time</operation>
                              <operation source="field" to="temp.DIM_PROPERTIES/output/Error_Message">Error Message</operation>
                              <operation source="field" to="temp.DIM_PROPERTIES/output/TotalTransErrors">Total Transformation Errors</operation>
                              <operation source="field" to="temp.DIM_PROPERTIES/output/FirstErrorCode">First Error Code</operation>
                           </serviceOutput>
                        </service>
                        <events>
                           <catch faultField="temp.DIM_PROPERTIES/fault"
                                  id="mlaqc4cu"
                                  interrupting="true"
                                  name="error">
                              <suspend/>
                           </catch>
                           <catch faultField="temp.DIM_PROPERTIES/fault"
                                  id="mlaqc4cv"
                                  interrupting="true"
                                  name="warning"/>
                        </events>
                     </eventContainer>
                     <link id="j3wg4fhn" targetId="j3wg4fhf" type="containerLink"/>
                  </flow>
                  <flow id="mlaqc4bm">
                     <eventContainer id="mlaqc4d4">
                        <service id="mlaqc4c0">
                           <title>DIM_DEVELOPERS</title>
                           <serviceName>ICSExecuteDataTask</serviceName>
                           <serviceGUID/>
                           <serviceInput>
                              <parameter name="Wait for Task to Complete" source="constant" updatable="true">true</parameter>
                              <parameter name="Max Wait" source="constant" updatable="true">604800</parameter>
                              <parameter name="Task Name" source="constant" updatable="true">MT_DIM_DEVELOPERS</parameter>
                              <parameter name="GUID" source="constant" updatable="true">amg1QFIQ1lFlwghTvoP06s</parameter>
                              <parameter name="Task Type" source="constant" updatable="true">MCT</parameter>
                              <parameter name="Has Inout Parameters" source="constant" updatable="true">false</parameter>
                              <parameter name="taskField" source="nested">
                                 <operation source="field" to="MT-DIM-DEVELOPERS-amg1QFIQ1lFlwghTvoP06s">temp.DIM_DEVELOPERS</operation>
                              </parameter>
                           </serviceInput>
                           <serviceOutput>
                              <operation source="field" to="temp.DIM_DEVELOPERS/output/Object_Name">Object Name</operation>
                              <operation source="field" to="temp.DIM_DEVELOPERS/output/Run_Id">Run Id</operation>
                              <operation source="field" to="temp.DIM_DEVELOPERS/output/Log_Id">Log Id</operation>
                              <operation source="field" to="temp.DIM_DEVELOPERS/output/Task_Id">Task Id</operation>
                              <operation source="field" to="temp.DIM_DEVELOPERS/output/Task_Status">Task Status</operation>
                              <operation source="field" to="temp.DIM_DEVELOPERS/output/Success_Source_Rows">Success Source Rows</operation>
                              <operation source="field" to="temp.DIM_DEVELOPERS/output/Failed_Source_Rows">Failed Source Rows</operation>
                              <operation source="field" to="temp.DIM_DEVELOPERS/output/Success_Target_Rows">Success Target Rows</operation>
                              <operation source="field" to="temp.DIM_DEVELOPERS/output/Failed_Target_Rows">Failed Target Rows</operation>
                              <operation source="field" to="temp.DIM_DEVELOPERS/output/Start_Time">Start Time</operation>
                              <operation source="field" to="temp.DIM_DEVELOPERS/output/End_Time">End Time</operation>
                              <operation source="field" to="temp.DIM_DEVELOPERS/output/Error_Message">Error Message</operation>
                              <operation source="field" to="temp.DIM_DEVELOPERS/output/TotalTransErrors">Total Transformation Errors</operation>
                              <operation source="field" to="temp.DIM_DEVELOPERS/output/FirstErrorCode">First Error Code</operation>
                           </serviceOutput>
                        </service>
                        <events>
                           <catch faultField="temp.DIM_DEVELOPERS/fault"
                                  id="mlaqc4d2"
                                  interrupting="true"
                                  name="error">
                              <suspend/>
                           </catch>
                           <catch faultField="temp.DIM_DEVELOPERS/fault"
                                  id="mlaqc4d3"
                                  interrupting="true"
                                  name="warning"/>
                        </events>
                     </eventContainer>
                     <link id="mlaqc4bn" targetId="j3wg4fhf" type="containerLink"/>
                  </flow>
                  <flow id="mlaqc4bs">
                     <eventContainer id="mlaqc4db">
                        <service id="mlaqc4c8">
                           <title>DIM_CITIES</title>
                           <serviceName>ICSExecuteDataTask</serviceName>
                           <serviceGUID/>
                           <serviceInput>
                              <parameter name="Wait for Task to Complete" source="constant" updatable="true">true</parameter>
                              <parameter name="Max Wait" source="constant" updatable="true">604800</parameter>
                              <parameter name="Task Name" source="constant" updatable="true">MT_DIM_CITIES</parameter>
                              <parameter name="GUID" source="constant" updatable="true">82956itcPYpet1cojXKeOJ</parameter>
                              <parameter name="Task Type" source="constant" updatable="true">MCT</parameter>
                              <parameter name="Has Inout Parameters" source="constant" updatable="true">false</parameter>
                              <parameter name="taskField" source="nested">
                                 <operation source="field" to="MT-DIM-CITIES-82956itcPYpet1cojXKeOJ">temp.DIM_CITIES</operation>
                              </parameter>
                           </serviceInput>
                           <serviceOutput>
                              <operation source="field" to="temp.DIM_CITIES/output/Object_Name">Object Name</operation>
                              <operation source="field" to="temp.DIM_CITIES/output/Run_Id">Run Id</operation>
                              <operation source="field" to="temp.DIM_CITIES/output/Log_Id">Log Id</operation>
                              <operation source="field" to="temp.DIM_CITIES/output/Task_Id">Task Id</operation>
                              <operation source="field" to="temp.DIM_CITIES/output/Task_Status">Task Status</operation>
                              <operation source="field" to="temp.DIM_CITIES/output/Success_Source_Rows">Success Source Rows</operation>
                              <operation source="field" to="temp.DIM_CITIES/output/Failed_Source_Rows">Failed Source Rows</operation>
                              <operation source="field" to="temp.DIM_CITIES/output/Success_Target_Rows">Success Target Rows</operation>
                              <operation source="field" to="temp.DIM_CITIES/output/Failed_Target_Rows">Failed Target Rows</operation>
                              <operation source="field" to="temp.DIM_CITIES/output/Start_Time">Start Time</operation>
                              <operation source="field" to="temp.DIM_CITIES/output/End_Time">End Time</operation>
                              <operation source="field" to="temp.DIM_CITIES/output/Error_Message">Error Message</operation>
                              <operation source="field" to="temp.DIM_CITIES/output/TotalTransErrors">Total Transformation Errors</operation>
                              <operation source="field" to="temp.DIM_CITIES/output/FirstErrorCode">First Error Code</operation>
                           </serviceOutput>
                        </service>
                        <events>
                           <catch faultField="temp.DIM_CITIES/fault"
                                  id="mlaqc4d9"
                                  interrupting="true"
                                  name="error">
                              <suspend/>
                           </catch>
                           <catch faultField="temp.DIM_CITIES/fault"
                                  id="mlaqc4da"
                                  interrupting="true"
                                  name="warning"/>
                        </events>
                     </eventContainer>
                     <link id="mlaqc4bt" targetId="j3wg4fhf" type="containerLink"/>
                  </flow>
                  <link id="j3wg4fhi" targetId="j3wg4fhj" type="containerLink"/>
                  <link id="j3wg4fhl" targetId="j3wg4fhm" type="containerLink"/>
                  <link id="mlaqc4bl" targetId="mlaqc4bm" type="containerLink"/>
                  <link id="mlaqc4br" targetId="mlaqc4bs" type="containerLink"/>
                  <link id="mlaqc4ju" targetId="mlaqc4jt"/>
               </container>
               <container id="mlaqc4k2" type="exclusive">
                  <title>Decision 1</title>
                  <flow id="mlaqc4k6">
                     <eventContainer id="mlaqc4pf">
                        <service id="mlaqc4km">
                           <title>DIMENSIONS_SUCCESS</title>
                           <serviceName>emailNotificationService</serviceName>
                           <serviceGUID/>
                           <serviceInput>
                              <parameter name="Email To" source="constant">sharad.jha1010@gmail.com</parameter>
                              <parameter name="Email Cc" source="constant">22.priya.01@gmail.com</parameter>
                              <parameter name="Email Bcc" source="constant"/>
                              <parameter name="Email Subject" source="constant"/>
                              <parameter name="Email Content Type" source="constant">text</parameter>
                              <parameter name="Email Body" source="constant"> &lt;p&gt;ALL DIMENSION TABLES CREATED SUCCESSFULLY.&lt;/p&gt;
&lt;p&gt;{$input.status}&lt;/p&gt; </parameter>
                           </serviceInput>
                           <serviceOutput/>
                        </service>
                        <link id="mlazraxx" targetId="mlazraxw"/>
                        <events>
                           <catch faultField="temp.dummyTF5895/fault"
                                  id="mlaqc4kj"
                                  interrupting="true"
                                  name="warning"/>
                        </events>
                     </eventContainer>
                     <subflow id="mlazraxw">
                        <title>FACT_TASKFLOW</title>
                        <subflowGUID>fOv1FmIS72TjkvlDbGK9q6</subflowGUID>
                        <subflowPath>CP_FACT_TASKFLOW</subflowPath>
                        <runForEach>false</runForEach>
                        <input/>
                        <outputDef/>
                     </subflow>
                     <link id="mlaqc4k7" targetId="mlaqc4k2" type="containerLink"/>
                  </flow>
                  <flow id="mlaqc4k9">
                     <eventContainer id="mlaqc4r4">
                        <service id="mlaqc4li">
                           <title>DIMENSIONS_FAILURES</title>
                           <serviceName>emailNotificationService</serviceName>
                           <serviceGUID/>
                           <serviceInput>
                              <parameter name="Email To" source="constant">sharad.jha1010@gmail.com</parameter>
                              <parameter name="Email Cc" source="constant">22.priya.01@gmail.com</parameter>
                              <parameter name="Email Bcc" source="constant"/>
                              <parameter name="Email Subject" source="constant"/>
                              <parameter name="Email Content Type" source="constant">text</parameter>
                              <parameter name="Email Body" source="constant"> &lt;p&gt;DIMENSION TABLES CREATION FAILED.&lt;/p&gt;
&lt;p&gt;{$input.status}&lt;/p&gt; </parameter>
                           </serviceInput>
                           <serviceOutput/>
                        </service>
                        <events>
                           <catch faultField="temp.dummyTF5895/fault"
                                  id="mlaqc4lf"
                                  interrupting="true"
                                  name="warning"/>
                        </events>
                     </eventContainer>
                     <link id="mlaqc4ka" targetId="mlaqc4k2" type="containerLink"/>
                  </flow>
                  <link id="mlaqc4k5" targetId="mlaqc4k6" type="containerLink">
                     <condition source="formula">
                        <function name="contains">
                           <arg name="left">{$input.status}</arg>
                           <arg name="right">T</arg>
                        </function>
                     </condition>
                  </link>
                  <link id="mlaqc4k8" targetId="mlaqc4k9" type="containerLink"/>
                  <link id="mlaqc4k4" targetId="c"/>
               </container>
               <assignment id="mlaqc4jt">
                  <title>Assignment 1</title>
                  <operation source="formula" to="input.status">
                     <expression language="XQuery">if($temp.DIM_DEVELOPERS[1]/output[1]/Task_Status = 1 and
$temp.DIM_CITIES[1]/output[1]/Task_Status = 1 and
$temp.DIM_DATE[1]/output[1]/Task_Status = 1 and
$temp.DIM_PROPERTIES[1]/output[1]/Task_Status = 1) then 'T' else 'F'</expression>
                  </operation>
                  <link id="mlaqc4k3" targetId="mlaqc4k2"/>
               </assignment>
               <end id="c"/>
            </flow>
            <dependencies>
               <processObject xmlns="http://schemas.active-endpoints.com/appmodules/screenflow/2011/06/avosHostEnvironment.xsd"
                              displayName="MT-DIM-DEVELOPERS-amg1QFIQ1lFlwghTvoP06s"
                              isByCopy="true"
                              name="MT-DIM-DEVELOPERS-amg1QFIQ1lFlwghTvoP06s">
                  <description/>
                  <tags/>
                  <detail>
                     <field label="TaskProperties Parameters"
                            name="taskProperties"
                            nullable="true"
                            required="false"
                            type="reference"/>
                     <field label="Output Parameters"
                            name="output"
                            nullable="true"
                            required="false"
                            type="reference"/>
                     <field label="Fault"
                            name="fault"
                            nullable="true"
                            required="false"
                            type="reference"/>
                     <field label="Max Wait (Seconds)"
                            name="Max_Wait"
                            nullable="true"
                            required="false"
                            type="int"/>
                  </detail>
               </processObject>
               <processObject xmlns="http://schemas.active-endpoints.com/appmodules/screenflow/2011/06/avosHostEnvironment.xsd"
                              displayName="MT-DIM-CITIES-82956itcPYpet1cojXKeOJ"
                              isByCopy="true"
                              name="MT-DIM-CITIES-82956itcPYpet1cojXKeOJ">
                  <description/>
                  <tags/>
                  <detail>
                     <field label="TaskProperties Parameters"
                            name="taskProperties"
                            nullable="true"
                            required="false"
                            type="reference"/>
                     <field label="Output Parameters"
                            name="output"
                            nullable="true"
                            required="false"
                            type="reference"/>
                     <field label="Fault"
                            name="fault"
                            nullable="true"
                            required="false"
                            type="reference"/>
                     <field label="Max Wait (Seconds)"
                            name="Max_Wait"
                            nullable="true"
                            required="false"
                            type="int"/>
                  </detail>
               </processObject>
               <processObject xmlns="http://schemas.active-endpoints.com/appmodules/screenflow/2011/06/avosHostEnvironment.xsd"
                              displayName="MT-DIM-DATE-0uhjVJNgZUrbQp8wTBjWie"
                              isByCopy="true"
                              name="MT-DIM-DATE-0uhjVJNgZUrbQp8wTBjWie">
                  <description/>
                  <tags/>
                  <detail>
                     <field label="InOut Parameters"
                            name="inout"
                            nullable="true"
                            required="false"
                            type="reference"/>
                     <field label="TaskProperties Parameters"
                            name="taskProperties"
                            nullable="true"
                            required="false"
                            type="reference"/>
                     <field label="Output Parameters"
                            name="output"
                            nullable="true"
                            required="false"
                            type="reference"/>
                     <field label="Fault"
                            name="fault"
                            nullable="true"
                            required="false"
                            type="reference"/>
                     <field label="Max Wait (Seconds)"
                            name="Max_Wait"
                            nullable="true"
                            required="false"
                            type="int"/>
                  </detail>
               </processObject>
               <processObject xmlns="http://schemas.active-endpoints.com/appmodules/screenflow/2011/06/avosHostEnvironment.xsd"
                              displayName="MT-DIM-PROPERTIES-2AmGCkkR9Z5g9GLC2LhBmA"
                              isByCopy="true"
                              name="MT-DIM-PROPERTIES-2AmGCkkR9Z5g9GLC2LhBmA">
                  <description/>
                  <tags/>
                  <detail>
                     <field label="TaskProperties Parameters"
                            name="taskProperties"
                            nullable="true"
                            required="false"
                            type="reference"/>
                     <field label="Output Parameters"
                            name="output"
                            nullable="true"
                            required="false"
                            type="reference"/>
                     <field label="Fault"
                            name="fault"
                            nullable="true"
                            required="false"
                            type="reference"/>
                     <field label="Max Wait (Seconds)"
                            name="Max_Wait"
                            nullable="true"
                            required="false"
                            type="int"/>
                  </detail>
               </processObject>
            </dependencies>
         </taskflow>
      </types1:Entry>
      <types1:GUID>7FGHqUeCkCubCZyXGbVoIg</types1:GUID>
      <types1:DisplayName>CP_DIMENSIONS_TASKFLOW</types1:DisplayName>
   </types1:Item>
   <types1:CurrentServerDateTime>2026-02-06T17:17:28.61Z</types1:CurrentServerDateTime>
</aetgt:getResponse>
