<aetgt:getResponse xmlns:aetgt="http://schemas.active-endpoints.com/appmodules/repository/2010/10/avrepository.xsd"
                   xmlns:types1="http://schemas.active-endpoints.com/appmodules/repository/2010/10/avrepository.xsd">
   <types1:Item>
      <types1:EntryId>Kqpw0VPNzUzeA8r-gt-114520936-2026-02-06T14:45:18.585Z::tf.xml</types1:EntryId>
      <types1:Name>CP_FACT_TASKFLOW</types1:Name>
      <types1:MimeType>application/xml+taskflow</types1:MimeType>
      <types1:Description/>
      <types1:AppliesTo/>
      <types1:Tags/>
      <types1:VersionLabel>1.0</types1:VersionLabel>
      <types1:State>CURRENT</types1:State>
      <types1:ProcessGroup/>
      <types1:CreatedBy>sharad.jha@ltimindtree.com</types1:CreatedBy>
      <types1:CreationDate>2026-02-06T14:45:19Z</types1:CreationDate>
      <types1:ModifiedBy>sharad.jha@ltimindtree.com</types1:ModifiedBy>
      <types1:ModificationDate>2026-02-06T14:47:08Z</types1:ModificationDate>
      <types1:PublicationStatus>unpublished</types1:PublicationStatus>
      <types1:Entry>
         <taskflow xmlns="http://schemas.active-endpoints.com/appmodules/screenflow/2010/10/avosScreenflow.xsd"
                   xmlns:tfm="http://schemas.active-endpoints.com/appmodules/screenflow/2021/04/taskflowModel.xsd"
                   xmlns:list="urn:activevos:spi:list:functions"
                   displayName="CP_FACT_TASKFLOW"
                   name="CP_FACT_TASKFLOW"
                   overrideAPIName="false">
            <parameterSet xmlns="http://schemas.active-endpoints.com/appmodules/screenflow/2021/04/taskflowModel.xsd"/>
            <appliesTo/>
            <description/>
            <tags/>
            <generator>Informatica Process Designer 11</generator>
            <tempFields>
               <field description="" name="FACT_TABLE_CREATION" type="reference">
                  <options>
                     <option name="failOnNotRun">false</option>
                     <option name="failOnFault">false</option>
                     <option name="referenceTo">$po:MappingTask13-0wJcApv3aq7bpDMiJ48dCi</option>
                  </options>
               </field>
            </tempFields>
            <notes/>
            <deployment skipIfRunning="false" suspendOnFault="false" tracingLevel="verbose">
               <rest/>
            </deployment>
            <extData>
               <nvpair name="treatEmptyStringAsNotNull">false</nvpair>
               <nvpair name="treatEmptyObjectListAsArray">false</nvpair>
            </extData>
            <flow id="a">
               <start id="b">
                  <link id="mlazy7ld" targetId="mlazy7mp"/>
               </start>
               <eventContainer id="mlazy7mp">
                  <service id="mlazy7lc">
                     <title>FACT_TABLE_CREATION</title>
                     <serviceName>ICSExecuteDataTask</serviceName>
                     <serviceGUID/>
                     <serviceInput>
                        <parameter name="Wait for Task to Complete" source="constant" updatable="true">true</parameter>
                        <parameter name="Max Wait" source="constant" updatable="true">604800</parameter>
                        <parameter name="Task Name" source="constant" updatable="true">MappingTask13</parameter>
                        <parameter name="GUID" source="constant" updatable="true">0wJcApv3aq7bpDMiJ48dCi</parameter>
                        <parameter name="Task Type" source="constant" updatable="true">MCT</parameter>
                        <parameter name="Has Inout Parameters" source="constant" updatable="true">false</parameter>
                        <parameter name="taskField" source="nested">
                           <operation source="field" to="MappingTask13-0wJcApv3aq7bpDMiJ48dCi">temp.FACT_TABLE_CREATION</operation>
                        </parameter>
                     </serviceInput>
                     <serviceOutput>
                        <operation source="field" to="temp.FACT_TABLE_CREATION/output/Object_Name">Object Name</operation>
                        <operation source="field" to="temp.FACT_TABLE_CREATION/output/Run_Id">Run Id</operation>
                        <operation source="field" to="temp.FACT_TABLE_CREATION/output/Log_Id">Log Id</operation>
                        <operation source="field" to="temp.FACT_TABLE_CREATION/output/Task_Id">Task Id</operation>
                        <operation source="field" to="temp.FACT_TABLE_CREATION/output/Task_Status">Task Status</operation>
                        <operation source="field" to="temp.FACT_TABLE_CREATION/output/Success_Source_Rows">Success Source Rows</operation>
                        <operation source="field" to="temp.FACT_TABLE_CREATION/output/Failed_Source_Rows">Failed Source Rows</operation>
                        <operation source="field" to="temp.FACT_TABLE_CREATION/output/Success_Target_Rows">Success Target Rows</operation>
                        <operation source="field" to="temp.FACT_TABLE_CREATION/output/Failed_Target_Rows">Failed Target Rows</operation>
                        <operation source="field" to="temp.FACT_TABLE_CREATION/output/Start_Time">Start Time</operation>
                        <operation source="field" to="temp.FACT_TABLE_CREATION/output/End_Time">End Time</operation>
                        <operation source="field" to="temp.FACT_TABLE_CREATION/output/Error_Message">Error Message</operation>
                        <operation source="field" to="temp.FACT_TABLE_CREATION/output/TotalTransErrors">Total Transformation Errors</operation>
                        <operation source="field" to="temp.FACT_TABLE_CREATION/output/FirstErrorCode">First Error Code</operation>
                     </serviceOutput>
                  </service>
                  <link id="mlazy7oh" targetId="c"/>
                  <events>
                     <catch faultField="temp.FACT_TABLE_CREATION/fault"
                            id="mlazy7mn"
                            interrupting="true"
                            name="error">
                        <suspend/>
                     </catch>
                     <catch faultField="temp.FACT_TABLE_CREATION/fault"
                            id="mlazy7mo"
                            interrupting="true"
                            name="warning"/>
                  </events>
               </eventContainer>
               <end id="c"/>
            </flow>
            <dependencies>
               <processObject xmlns="http://schemas.active-endpoints.com/appmodules/screenflow/2011/06/avosHostEnvironment.xsd"
                              displayName="MappingTask13-0wJcApv3aq7bpDMiJ48dCi"
                              isByCopy="true"
                              name="MappingTask13-0wJcApv3aq7bpDMiJ48dCi">
                  <description/>
                  <tags/>
                  <detail>
                     <field label="TaskProperties Parameters"
                            name="taskProperties"
                            nullable="true"
                            required="false"
                            type="reference"/>
                     <field label="Output Parameters"
                            name="output"
                            nullable="true"
                            required="false"
                            type="reference"/>
                     <field label="Fault"
                            name="fault"
                            nullable="true"
                            required="false"
                            type="reference"/>
                     <field label="Max Wait (Seconds)"
                            name="Max_Wait"
                            nullable="true"
                            required="false"
                            type="int"/>
                  </detail>
               </processObject>
            </dependencies>
         </taskflow>
      </types1:Entry>
      <types1:GUID>fOv1FmIS72TjkvlDbGK9q6</types1:GUID>
      <types1:DisplayName>CP_FACT_TASKFLOW</types1:DisplayName>
   </types1:Item>
   <types1:CurrentServerDateTime>2026-02-06T17:17:28.333Z</types1:CurrentServerDateTime>
</aetgt:getResponse>
