<aetgt:getResponse xmlns:aetgt="http://schemas.active-endpoints.com/appmodules/repository/2010/10/avrepository.xsd"
                   xmlns:types1="http://schemas.active-endpoints.com/appmodules/repository/2010/10/avrepository.xsd">
   <types1:Item>
      <types1:EntryId>yDQeH2PKDC0hCHb-gt-114204231-2026-02-06T09:44:39.3Z::tf.xml</types1:EntryId>
      <types1:Name>CP_OVERALL_TASKFLOW</types1:Name>
      <types1:MimeType>application/xml+taskflow</types1:MimeType>
      <types1:Description/>
      <types1:AppliesTo/>
      <types1:Tags/>
      <types1:VersionLabel>1.0</types1:VersionLabel>
      <types1:State>CURRENT</types1:State>
      <types1:ProcessGroup/>
      <types1:CreatedBy>sharad.jha@ltimindtree.com</types1:CreatedBy>
      <types1:CreationDate>2026-02-06T09:44:39Z</types1:CreationDate>
      <types1:ModifiedBy>sharad.jha@ltimindtree.com</types1:ModifiedBy>
      <types1:ModificationDate>2026-02-06T14:56:15Z</types1:ModificationDate>
      <types1:PublicationStatus>unpublished</types1:PublicationStatus>
      <types1:Entry>
         <taskflow xmlns="http://schemas.active-endpoints.com/appmodules/screenflow/2010/10/avosScreenflow.xsd"
                   xmlns:tfm="http://schemas.active-endpoints.com/appmodules/screenflow/2021/04/taskflowModel.xsd"
                   xmlns:list="urn:activevos:spi:list:functions"
                   displayName="CP_OVERALL_TASKFLOW"
                   name="CP_OVERALL_TASKFLOW"
                   overrideAPIName="false">
            <parameterSet xmlns="http://schemas.active-endpoints.com/appmodules/screenflow/2021/04/taskflowModel.xsd"/>
            <appliesTo/>
            <description/>
            <tags/>
            <generator>Informatica Process Designer 11</generator>
            <output>
               <field description="" name="status" type="string">
                  <options>
                     <option name="required">false</option>
                  </options>
               </field>
            </output>
            <tempFields>
               <field description="" name="PROPERTIES_CLEANING" type="reference">
                  <options>
                     <option name="failOnNotRun">false</option>
                     <option name="failOnFault">false</option>
                     <option name="referenceTo">$po:MT-PROPERTIES-CLEAN-4SrSdEIc957dXAGzNknYcM</option>
                  </options>
               </field>
               <field description="" name="TRANSACTIONS_CLEANING" type="reference">
                  <options>
                     <option name="failOnNotRun">false</option>
                     <option name="failOnFault">false</option>
                     <option name="referenceTo">$po:MT-TRANSACTIONS-CLEAN-4TdBzNLoT63kdekb96s1OX</option>
                  </options>
               </field>
               <field description="" name="Cities_Cleaning" type="reference">
                  <options>
                     <option name="failOnNotRun">false</option>
                     <option name="failOnFault">false</option>
                     <option name="referenceTo">$po:MT-CITIES-CLEAN-eW3F6ITW501fmCQr8qpw6j</option>
                  </options>
               </field>
               <field description="" name="DEVELOPERS_CLEANING" type="reference">
                  <options>
                     <option name="failOnNotRun">false</option>
                     <option name="failOnFault">false</option>
                     <option name="referenceTo">$po:MT-DEVELOPERS-CLEAN-9i4IKMvb0YHcwMRvPYngsc</option>
                  </options>
               </field>
               <field description="" name="DIMENSIONS_TASKFLOW" type="reference">
                  <options>
                     <option name="referenceTo">$po:InternalInfaSubTaskflowField</option>
                     <option name="failOnNotRun">false</option>
                     <option name="failOnFault">false</option>
                  </options>
               </field>
            </tempFields>
            <notes/>
            <deployment skipIfRunning="false" suspendOnFault="false" tracingLevel="verbose">
               <rest>
                  <allowedUsers>
                     <user>sharad.jha@ltimindtree.com</user>
                  </allowedUsers>
               </rest>
            </deployment>
            <extData>
               <nvpair name="treatEmptyStringAsNotNull">false</nvpair>
               <nvpair name="treatEmptyObjectListAsArray">false</nvpair>
            </extData>
            <flow id="a">
               <start id="b">
                  <link id="j3wg4fhg" targetId="j3wg4fhf"/>
               </start>
               <container id="j3wg4fhf" type="parallel">
                  <title>Parallel Paths 1</title>
                  <flow id="j3wg4fhj">
                     <eventContainer id="mlap6xbc">
                        <service id="j3wg4fhu">
                           <title>Cities_Cleaning</title>
                           <serviceName>ICSExecuteDataTask</serviceName>
                           <serviceGUID/>
                           <serviceInput>
                              <parameter name="Wait for Task to Complete" source="constant" updatable="true">true</parameter>
                              <parameter name="Max Wait" source="constant" updatable="true">604800</parameter>
                              <parameter name="Task Name" source="constant" updatable="true">MT_CITIES_CLEAN</parameter>
                              <parameter name="GUID" source="constant" updatable="true">eW3F6ITW501fmCQr8qpw6j</parameter>
                              <parameter name="Task Type" source="constant" updatable="true">MCT</parameter>
                              <parameter name="Has Inout Parameters" source="constant" updatable="true">false</parameter>
                              <parameter name="taskField" source="nested">
                                 <operation source="field" to="MT-CITIES-CLEAN-eW3F6ITW501fmCQr8qpw6j">temp.Cities_Cleaning</operation>
                              </parameter>
                           </serviceInput>
                           <serviceOutput>
                              <operation source="field" to="temp.Cities_Cleaning/output/Object_Name">Object Name</operation>
                              <operation source="field" to="temp.Cities_Cleaning/output/Run_Id">Run Id</operation>
                              <operation source="field" to="temp.Cities_Cleaning/output/Log_Id">Log Id</operation>
                              <operation source="field" to="temp.Cities_Cleaning/output/Task_Id">Task Id</operation>
                              <operation source="field" to="temp.Cities_Cleaning/output/Task_Status">Task Status</operation>
                              <operation source="field" to="temp.Cities_Cleaning/output/Success_Source_Rows">Success Source Rows</operation>
                              <operation source="field" to="temp.Cities_Cleaning/output/Failed_Source_Rows">Failed Source Rows</operation>
                              <operation source="field" to="temp.Cities_Cleaning/output/Success_Target_Rows">Success Target Rows</operation>
                              <operation source="field" to="temp.Cities_Cleaning/output/Failed_Target_Rows">Failed Target Rows</operation>
                              <operation source="field" to="temp.Cities_Cleaning/output/Start_Time">Start Time</operation>
                              <operation source="field" to="temp.Cities_Cleaning/output/End_Time">End Time</operation>
                              <operation source="field" to="temp.Cities_Cleaning/output/Error_Message">Error Message</operation>
                              <operation source="field" to="temp.Cities_Cleaning/output/TotalTransErrors">Total Transformation Errors</operation>
                              <operation source="field" to="temp.Cities_Cleaning/output/FirstErrorCode">First Error Code</operation>
                           </serviceOutput>
                        </service>
                        <events>
                           <catch faultField="temp.Cities_Cleaning/fault"
                                  id="mlap6xba"
                                  interrupting="true"
                                  name="error">
                              <suspend/>
                           </catch>
                           <catch faultField="temp.Cities_Cleaning/fault"
                                  id="mlap6xbb"
                                  interrupting="true"
                                  name="warning"/>
                        </events>
                     </eventContainer>
                     <link id="j3wg4fhk" targetId="j3wg4fhf" type="containerLink"/>
                  </flow>
                  <flow id="j3wg4fhm">
                     <eventContainer id="mlap6xbk">
                        <service id="j3wg4fi4">
                           <title>DEVELOPERS_CLEANING</title>
                           <serviceName>ICSExecuteDataTask</serviceName>
                           <serviceGUID/>
                           <serviceInput>
                              <parameter name="Wait for Task to Complete" source="constant" updatable="true">true</parameter>
                              <parameter name="Max Wait" source="constant" updatable="true">604800</parameter>
                              <parameter name="Task Name" source="constant" updatable="true">MT_DEVELOPERS_CLEAN</parameter>
                              <parameter name="GUID" source="constant" updatable="true">9i4IKMvb0YHcwMRvPYngsc</parameter>
                              <parameter name="Task Type" source="constant" updatable="true">MCT</parameter>
                              <parameter name="Has Inout Parameters" source="constant" updatable="true">false</parameter>
                              <parameter name="taskField" source="nested">
                                 <operation source="field" to="MT-DEVELOPERS-CLEAN-9i4IKMvb0YHcwMRvPYngsc">temp.DEVELOPERS_CLEANING</operation>
                              </parameter>
                           </serviceInput>
                           <serviceOutput>
                              <operation source="field" to="temp.DEVELOPERS_CLEANING/output/Object_Name">Object Name</operation>
                              <operation source="field" to="temp.DEVELOPERS_CLEANING/output/Run_Id">Run Id</operation>
                              <operation source="field" to="temp.DEVELOPERS_CLEANING/output/Log_Id">Log Id</operation>
                              <operation source="field" to="temp.DEVELOPERS_CLEANING/output/Task_Id">Task Id</operation>
                              <operation source="field" to="temp.DEVELOPERS_CLEANING/output/Task_Status">Task Status</operation>
                              <operation source="field" to="temp.DEVELOPERS_CLEANING/output/Success_Source_Rows">Success Source Rows</operation>
                              <operation source="field" to="temp.DEVELOPERS_CLEANING/output/Failed_Source_Rows">Failed Source Rows</operation>
                              <operation source="field" to="temp.DEVELOPERS_CLEANING/output/Success_Target_Rows">Success Target Rows</operation>
                              <operation source="field" to="temp.DEVELOPERS_CLEANING/output/Failed_Target_Rows">Failed Target Rows</operation>
                              <operation source="field" to="temp.DEVELOPERS_CLEANING/output/Start_Time">Start Time</operation>
                              <operation source="field" to="temp.DEVELOPERS_CLEANING/output/End_Time">End Time</operation>
                              <operation source="field" to="temp.DEVELOPERS_CLEANING/output/Error_Message">Error Message</operation>
                              <operation source="field" to="temp.DEVELOPERS_CLEANING/output/TotalTransErrors">Total Transformation Errors</operation>
                              <operation source="field" to="temp.DEVELOPERS_CLEANING/output/FirstErrorCode">First Error Code</operation>
                           </serviceOutput>
                        </service>
                        <events>
                           <catch faultField="temp.DEVELOPERS_CLEANING/fault"
                                  id="mlap6xbi"
                                  interrupting="true"
                                  name="error">
                              <suspend/>
                           </catch>
                           <catch faultField="temp.DEVELOPERS_CLEANING/fault"
                                  id="mlap6xbj"
                                  interrupting="true"
                                  name="warning"/>
                        </events>
                     </eventContainer>
                     <link id="j3wg4fhn" targetId="j3wg4fhf" type="containerLink"/>
                  </flow>
                  <flow id="mlap6xai">
                     <eventContainer id="mlap6xbw">
                        <service id="mlap6xaw">
                           <title>PROPERTIES_CLEANING</title>
                           <serviceName>ICSExecuteDataTask</serviceName>
                           <serviceGUID/>
                           <serviceInput>
                              <parameter name="Wait for Task to Complete" source="constant" updatable="true">true</parameter>
                              <parameter name="Max Wait" source="constant" updatable="true">604800</parameter>
                              <parameter name="Task Name" source="constant" updatable="true">MT_PROPERTIES_CLEAN</parameter>
                              <parameter name="GUID" source="constant" updatable="true">4SrSdEIc957dXAGzNknYcM</parameter>
                              <parameter name="Task Type" source="constant" updatable="true">MCT</parameter>
                              <parameter name="Has Inout Parameters" source="constant" updatable="true">false</parameter>
                              <parameter name="taskField" source="nested">
                                 <operation source="field" to="MT-PROPERTIES-CLEAN-4SrSdEIc957dXAGzNknYcM">temp.PROPERTIES_CLEANING</operation>
                              </parameter>
                           </serviceInput>
                           <serviceOutput>
                              <operation source="field" to="temp.PROPERTIES_CLEANING/output/Object_Name">Object Name</operation>
                              <operation source="field" to="temp.PROPERTIES_CLEANING/output/Run_Id">Run Id</operation>
                              <operation source="field" to="temp.PROPERTIES_CLEANING/output/Log_Id">Log Id</operation>
                              <operation source="field" to="temp.PROPERTIES_CLEANING/output/Task_Id">Task Id</operation>
                              <operation source="field" to="temp.PROPERTIES_CLEANING/output/Task_Status">Task Status</operation>
                              <operation source="field" to="temp.PROPERTIES_CLEANING/output/Success_Source_Rows">Success Source Rows</operation>
                              <operation source="field" to="temp.PROPERTIES_CLEANING/output/Failed_Source_Rows">Failed Source Rows</operation>
                              <operation source="field" to="temp.PROPERTIES_CLEANING/output/Success_Target_Rows">Success Target Rows</operation>
                              <operation source="field" to="temp.PROPERTIES_CLEANING/output/Failed_Target_Rows">Failed Target Rows</operation>
                              <operation source="field" to="temp.PROPERTIES_CLEANING/output/Start_Time">Start Time</operation>
                              <operation source="field" to="temp.PROPERTIES_CLEANING/output/End_Time">End Time</operation>
                              <operation source="field" to="temp.PROPERTIES_CLEANING/output/Error_Message">Error Message</operation>
                              <operation source="field" to="temp.PROPERTIES_CLEANING/output/TotalTransErrors">Total Transformation Errors</operation>
                              <operation source="field" to="temp.PROPERTIES_CLEANING/output/FirstErrorCode">First Error Code</operation>
                           </serviceOutput>
                        </service>
                        <events>
                           <catch faultField="temp.PROPERTIES_CLEANING/fault"
                                  id="mlap6xbu"
                                  interrupting="true"
                                  name="error">
                              <suspend/>
                           </catch>
                           <catch faultField="temp.PROPERTIES_CLEANING/fault"
                                  id="mlap6xbv"
                                  interrupting="true"
                                  name="warning"/>
                        </events>
                     </eventContainer>
                     <link id="mlap6xaj" targetId="j3wg4fhf" type="containerLink"/>
                  </flow>
                  <flow id="mlap6xao">
                     <eventContainer id="mlap6xc3">
                        <service id="mlap6xb4">
                           <title>TRANSACTIONS_CLEANING</title>
                           <serviceName>ICSExecuteDataTask</serviceName>
                           <serviceGUID/>
                           <serviceInput>
                              <parameter name="Wait for Task to Complete" source="constant" updatable="true">true</parameter>
                              <parameter name="Max Wait" source="constant" updatable="true">604800</parameter>
                              <parameter name="Task Name" source="constant" updatable="true">MT_TRANSACTIONS_CLEAN</parameter>
                              <parameter name="GUID" source="constant" updatable="true">4TdBzNLoT63kdekb96s1OX</parameter>
                              <parameter name="Task Type" source="constant" updatable="true">MCT</parameter>
                              <parameter name="Has Inout Parameters" source="constant" updatable="true">false</parameter>
                              <parameter name="taskField" source="nested">
                                 <operation source="field" to="MT-TRANSACTIONS-CLEAN-4TdBzNLoT63kdekb96s1OX">temp.TRANSACTIONS_CLEANING</operation>
                              </parameter>
                           </serviceInput>
                           <serviceOutput>
                              <operation source="field" to="temp.TRANSACTIONS_CLEANING/output/Object_Name">Object Name</operation>
                              <operation source="field" to="temp.TRANSACTIONS_CLEANING/output/Run_Id">Run Id</operation>
                              <operation source="field" to="temp.TRANSACTIONS_CLEANING/output/Log_Id">Log Id</operation>
                              <operation source="field" to="temp.TRANSACTIONS_CLEANING/output/Task_Id">Task Id</operation>
                              <operation source="field" to="temp.TRANSACTIONS_CLEANING/output/Task_Status">Task Status</operation>
                              <operation source="field"
                                         to="temp.TRANSACTIONS_CLEANING/output/Success_Source_Rows">Success Source Rows</operation>
                              <operation source="field"
                                         to="temp.TRANSACTIONS_CLEANING/output/Failed_Source_Rows">Failed Source Rows</operation>
                              <operation source="field"
                                         to="temp.TRANSACTIONS_CLEANING/output/Success_Target_Rows">Success Target Rows</operation>
                              <operation source="field"
                                         to="temp.TRANSACTIONS_CLEANING/output/Failed_Target_Rows">Failed Target Rows</operation>
                              <operation source="field" to="temp.TRANSACTIONS_CLEANING/output/Start_Time">Start Time</operation>
                              <operation source="field" to="temp.TRANSACTIONS_CLEANING/output/End_Time">End Time</operation>
                              <operation source="field" to="temp.TRANSACTIONS_CLEANING/output/Error_Message">Error Message</operation>
                              <operation source="field" to="temp.TRANSACTIONS_CLEANING/output/TotalTransErrors">Total Transformation Errors</operation>
                              <operation source="field" to="temp.TRANSACTIONS_CLEANING/output/FirstErrorCode">First Error Code</operation>
                           </serviceOutput>
                        </service>
                        <events>
                           <catch faultField="temp.TRANSACTIONS_CLEANING/fault"
                                  id="mlap6xc1"
                                  interrupting="true"
                                  name="error">
                              <suspend/>
                           </catch>
                           <catch faultField="temp.TRANSACTIONS_CLEANING/fault"
                                  id="mlap6xc2"
                                  interrupting="true"
                                  name="warning"/>
                        </events>
                     </eventContainer>
                     <link id="mlap6xap" targetId="j3wg4fhf" type="containerLink"/>
                  </flow>
                  <link id="j3wg4fhi" targetId="j3wg4fhj" type="containerLink"/>
                  <link id="j3wg4fhl" targetId="j3wg4fhm" type="containerLink"/>
                  <link id="mlap6xah" targetId="mlap6xai" type="containerLink"/>
                  <link id="mlap6xan" targetId="mlap6xao" type="containerLink"/>
                  <link id="mlap6xmx" targetId="mlap6xmw"/>
               </container>
               <container id="mlap6xn5" type="exclusive">
                  <title>Decision 1</title>
                  <flow id="mlap6xn9">
                     <eventContainer id="mlap6xst">
                        <service id="mlap6xnp">
                           <title>cleaning_success</title>
                           <serviceName>emailNotificationService</serviceName>
                           <serviceGUID/>
                           <serviceInput>
                              <parameter name="Email To" source="constant">sharad.jha1010@gmail.com</parameter>
                              <parameter name="Email Cc" source="constant">22.priya.01@gmail.com</parameter>
                              <parameter name="Email Bcc" source="constant"/>
                              <parameter name="Email Subject" source="constant"/>
                              <parameter name="Email Content Type" source="constant">text</parameter>
                              <parameter name="Email Body" source="constant"> &lt;p&gt;DATA CLEANING SUCCESSFULLY COMPLETED.&lt;/p&gt;
&lt;p&gt;{$input.status}&lt;/p&gt; </parameter>
                           </serviceInput>
                           <serviceOutput/>
                        </service>
                        <link id="mlap6y9w" targetId="mlap6y9v"/>
                        <events>
                           <catch faultField="temp.dummyTF5895/fault"
                                  id="mlap6xnm"
                                  interrupting="true"
                                  name="warning"/>
                        </events>
                     </eventContainer>
                     <subflow id="mlap6y9v">
                        <title>DIMENSIONS_TASKFLOW</title>
                        <subflowGUID>7FGHqUeCkCubCZyXGbVoIg</subflowGUID>
                        <subflowPath>CP_DIMENSIONS_TASKFLOW</subflowPath>
                        <runForEach>false</runForEach>
                        <input/>
                        <outputDef/>
                     </subflow>
                     <link id="mlap6xna" targetId="mlap6xn5" type="containerLink"/>
                  </flow>
                  <flow id="mlap6xnc">
                     <eventContainer id="mlap6xup">
                        <service id="mlap6xoa">
                           <title>cleaning_failure</title>
                           <serviceName>emailNotificationService</serviceName>
                           <serviceGUID/>
                           <serviceInput>
                              <parameter name="Email To" source="constant">sharad.jha1010@gmail.com</parameter>
                              <parameter name="Email Cc" source="constant">22.priya.01@gmail.com</parameter>
                              <parameter name="Email Bcc" source="constant"/>
                              <parameter name="Email Subject" source="constant"/>
                              <parameter name="Email Content Type" source="constant">text</parameter>
                              <parameter name="Email Body" source="constant"> &lt;p&gt;DATA CLEANING FAILED.&lt;/p&gt;
&lt;p&gt;{$input.status}&lt;/p&gt; </parameter>
                           </serviceInput>
                           <serviceOutput/>
                        </service>
                        <events>
                           <catch faultField="temp.dummyTF5895/fault"
                                  id="mlap6xo7"
                                  interrupting="true"
                                  name="warning"/>
                        </events>
                     </eventContainer>
                     <link id="mlap6xnd" targetId="mlap6xn5" type="containerLink"/>
                  </flow>
                  <link id="mlap6xn8" targetId="mlap6xn9" type="containerLink">
                     <condition source="formula">
                        <function name="contains">
                           <arg name="left">{$output.status}</arg>
                           <arg name="right">T</arg>
                        </function>
                     </condition>
                  </link>
                  <link id="mlap6xnb" targetId="mlap6xnc" type="containerLink"/>
                  <link id="mlap6xn7" targetId="c"/>
               </container>
               <assignment id="mlap6xmw">
                  <title>clean_validation</title>
                  <operation source="formula" to="output.status">
                     <expression language="XQuery">if($temp.PROPERTIES_CLEANING[1]/output[1]/Task_Status  = 1 and
$temp.TRANSACTIONS_CLEANING[1]/output[1]/Task_Status  = 1 and
$temp.Cities_Cleaning[1]/output[1]/Task_Status = 1 and
$temp.DEVELOPERS_CLEANING[1]/output[1]/Task_Status  = 1) then 'T' else 'F'</expression>
                  </operation>
                  <link id="mlap6xn6" targetId="mlap6xn5"/>
               </assignment>
               <end id="c"/>
            </flow>
            <dependencies>
               <processObject xmlns="http://schemas.active-endpoints.com/appmodules/screenflow/2011/06/avosHostEnvironment.xsd"
                              displayName="MT-PROPERTIES-CLEAN-4SrSdEIc957dXAGzNknYcM"
                              isByCopy="true"
                              name="MT-PROPERTIES-CLEAN-4SrSdEIc957dXAGzNknYcM">
                  <description/>
                  <tags/>
                  <detail>
                     <field label="TaskProperties Parameters"
                            name="taskProperties"
                            nullable="true"
                            required="false"
                            type="reference"/>
                     <field label="Output Parameters"
                            name="output"
                            nullable="true"
                            required="false"
                            type="reference"/>
                     <field label="Fault"
                            name="fault"
                            nullable="true"
                            required="false"
                            type="reference"/>
                     <field label="Max Wait (Seconds)"
                            name="Max_Wait"
                            nullable="true"
                            required="false"
                            type="int"/>
                  </detail>
               </processObject>
               <processObject xmlns="http://schemas.active-endpoints.com/appmodules/screenflow/2011/06/avosHostEnvironment.xsd"
                              displayName="MT-TRANSACTIONS-CLEAN-4TdBzNLoT63kdekb96s1OX"
                              isByCopy="true"
                              name="MT-TRANSACTIONS-CLEAN-4TdBzNLoT63kdekb96s1OX">
                  <description/>
                  <tags/>
                  <detail>
                     <field label="TaskProperties Parameters"
                            name="taskProperties"
                            nullable="true"
                            required="false"
                            type="reference"/>
                     <field label="Output Parameters"
                            name="output"
                            nullable="true"
                            required="false"
                            type="reference"/>
                     <field label="Fault"
                            name="fault"
                            nullable="true"
                            required="false"
                            type="reference"/>
                     <field label="Max Wait (Seconds)"
                            name="Max_Wait"
                            nullable="true"
                            required="false"
                            type="int"/>
                  </detail>
               </processObject>
               <processObject xmlns="http://schemas.active-endpoints.com/appmodules/screenflow/2011/06/avosHostEnvironment.xsd"
                              displayName="MT-CITIES-CLEAN-eW3F6ITW501fmCQr8qpw6j"
                              isByCopy="true"
                              name="MT-CITIES-CLEAN-eW3F6ITW501fmCQr8qpw6j">
                  <description/>
                  <tags/>
                  <detail>
                     <field label="TaskProperties Parameters"
                            name="taskProperties"
                            nullable="true"
                            required="false"
                            type="reference"/>
                     <field label="Output Parameters"
                            name="output"
                            nullable="true"
                            required="false"
                            type="reference"/>
                     <field label="Fault"
                            name="fault"
                            nullable="true"
                            required="false"
                            type="reference"/>
                     <field label="Max Wait (Seconds)"
                            name="Max_Wait"
                            nullable="true"
                            required="false"
                            type="int"/>
                  </detail>
               </processObject>
               <processObject xmlns="http://schemas.active-endpoints.com/appmodules/screenflow/2011/06/avosHostEnvironment.xsd"
                              displayName="MT-DEVELOPERS-CLEAN-9i4IKMvb0YHcwMRvPYngsc"
                              isByCopy="true"
                              name="MT-DEVELOPERS-CLEAN-9i4IKMvb0YHcwMRvPYngsc">
                  <description/>
                  <tags/>
                  <detail>
                     <field label="TaskProperties Parameters"
                            name="taskProperties"
                            nullable="true"
                            required="false"
                            type="reference"/>
                     <field label="Output Parameters"
                            name="output"
                            nullable="true"
                            required="false"
                            type="reference"/>
                     <field label="Fault"
                            name="fault"
                            nullable="true"
                            required="false"
                            type="reference"/>
                     <field label="Max Wait (Seconds)"
                            name="Max_Wait"
                            nullable="true"
                            required="false"
                            type="int"/>
                  </detail>
               </processObject>
            </dependencies>
         </taskflow>
      </types1:Entry>
      <types1:GUID>3n3PtCTlL1HjbHPq4L2PY1</types1:GUID>
      <types1:DisplayName>CP_OVERALL_TASKFLOW</types1:DisplayName>
   </types1:Item>
   <types1:CurrentServerDateTime>2026-02-06T17:17:29.25Z</types1:CurrentServerDateTime>
</aetgt:getResponse>
