{
  "name" : "CP_FACT_TASKFLOW",
  "sourceOrgId" : "38MQUI5Fyy1gIvk6GDXO4u",
  "sourceOrgName" : "LTIMindtree",
  "exportedObjects" : [ {
    "objectGuid" : "0wJcApv3aq7bpDMiJ48dCi",
    "objectName" : "MappingTask13",
    "objectType" : "MTT",
    "path" : "/Explore/capstone_project",
    "providerName" : null,
    "metadata" : {
      "modelVersion" : {
        "major" : 0,
        "minor" : 0
      },
      "repoInfo" : {
        "repoHandle" : "01DJUE0Z00000000002F"
      },
      "objectRefs" : [ "a7NyFRahFvSb9Ec2dYVyKz", "fd1ouWjw70qeXAHuECu5Wg", "2mDaOIb8lsdiEfnCSoPce3" ],
      "contextAttributes" : [ {
        "name" : "id",
        "value" : "@1"
      } ],
      "additionalInfo" : {
        "description" : null,
        "contentType" : "JSON",
        "documentState" : "VALID"
      }
    }
  }, {
    "objectGuid" : "a7NyFRahFvSb9Ec2dYVyKz",
    "objectName" : "REAL_ESTATE_SF",
    "objectType" : "Connection",
    "path" : "/SYS",
    "providerName" : null,
    "metadata" : {
      "modelVersion" : {
        "major" : 0,
        "minor" : 0
      },
      "repoInfo" : {
        "repoHandle" : "01DJUE0B00000000000C"
      },
      "objectRefs" : [ "2mDaOIb8lsdiEfnCSoPce3" ],
      "contextAttributes" : [ {
        "name" : "id",
        "value" : "@1"
      } ],
      "additionalInfo" : {
        "description" : null,
        "contentType" : "JSON",
        "documentState" : "COMPLETE"
      }
    }
  }, {
    "objectGuid" : "fd1ouWjw70qeXAHuECu5Wg",
    "objectName" : "Mapping31",
    "objectType" : "DTEMPLATE",
    "path" : "/Explore/capstone_project",
    "providerName" : null,
    "metadata" : {
      "modelVersion" : {
        "major" : 0,
        "minor" : 0
      },
      "repoInfo" : {
        "repoHandle" : "01DJUE17000000000023"
      },
      "objectRefs" : [ "a7NyFRahFvSb9Ec2dYVyKz" ],
      "contextAttributes" : [ {
        "name" : "id",
        "value" : "@1"
      } ],
      "additionalInfo" : {
        "description" : "",
        "contentType" : "JSON",
        "documentState" : "VALID"
      }
    }
  }, {
    "objectGuid" : "fOv1FmIS72TjkvlDbGK9q6",
    "objectName" : "CP_FACT_TASKFLOW",
    "objectType" : "TASKFLOW",
    "path" : "/Explore/capstone_project",
    "providerName" : null,
    "metadata" : {
      "modelVersion" : {
        "major" : 1,
        "minor" : 0
      },
      "repoInfo" : {
        "repoHandle" : "Kqpw0VPNzUzeA8r-gt-114520936-2026-02-06T14:45:18.585Z::tf.xml"
      },
      "objectRefs" : [ "0wJcApv3aq7bpDMiJ48dCi" ],
      "contextAttributes" : null,
      "additionalInfo" : {
        "description" : "",
        "contentType" : "application/json; charset=utf-8",
        "documentState" : "VALID"
      }
    }
  }, {
    "objectGuid" : "6YwajIkdsqicKB6tRrvFAS",
    "objectName" : "capstone_project",
    "objectType" : "Project",
    "path" : "/Explore",
    "providerName" : null,
    "metadata" : {
      "modelVersion" : {
        "major" : 0,
        "minor" : 0
      },
      "repoInfo" : null,
      "objectRefs" : [ ],
      "contextAttributes" : [ ],
      "additionalInfo" : {
        "description" : "",
        "contentType" : "Binary",
        "documentState" : "COMPLETE"
      }
    }
  }, {
    "objectGuid" : "2mDaOIb8lsdiEfnCSoPce3",
    "objectName" : "DESKTOP-0FU31RQ",
    "objectType" : "AgentGroup",
    "path" : "/SYS",
    "providerName" : null,
    "metadata" : {
      "modelVersion" : {
        "major" : 0,
        "minor" : 0
      },
      "repoInfo" : {
        "repoHandle" : "01DJUE25000000000002"
      },
      "objectRefs" : [ ],
      "contextAttributes" : [ {
        "name" : "id",
        "value" : "@1"
      } ],
      "additionalInfo" : {
        "description" : null,
        "contentType" : "JSON",
        "documentState" : "VALID"
      }
    }
  } ]
}