objectPath,objectName,objectType,id
/Explore/capstone_project,M_DEVELOPERS_DATA_CLEANING,DTEMPLATE,8z2zqZF2hdMgDHRizIvL2A
/Explore/capstone_project,M_PROPERTIES_DATA_CLEANING,DTEMPLATE,9rGNstWfDylc1dw7AaEYsk
/Explore/capstone_project,Mapping31,DTEMPLATE,fd1ouWjw70qeXAHuECu5Wg
/Explore/capstone_project,M_DIM_DATE_SCD,DTEMPLATE,1lYgbWYeoYQgVic2tCSCW2
/Explore/capstone_project,CP_FACT_TASKFLOW,TASKFLOW,fOv1FmIS72TjkvlDbGK9q6
/Explore,capstone_project,Project,6YwajIkdsqicKB6tRrvFAS
/Explore/capstone_project,MT_DEVELOPERS_CLEAN,MTT,9i4IKMvb0YHcwMRvPYngsc
/Explore/capstone_project,M_DIM_CITY_SCD1,DTEMPLATE,cViBHEPBtyoih7AX7rZ4kE
/SYS,DESKTOP-0FU31RQ,AgentGroup,2mDaOIb8lsdiEfnCSoPce3
/Explore/capstone_project,M_DIM_PROPERTIES_SCD,DTEMPLATE,2QVcuCoECWLeTrowftMXAy
/Explore/capstone_project,MT_DIM_PROPERTIES,MTT,2AmGCkkR9Z5g9GLC2LhBmA
/Explore/capstone_project,M_DIM_DEVELOPERS_SCD,DTEMPLATE,3QiXrzHn6D2jhYk2GicBcy
/Explore/capstone_project,MT_PROPERTIES_CLEAN,MTT,4SrSdEIc957dXAGzNknYcM
/Explore/capstone_project,M_TRANSACTIONS_DATA_CLEANING,DTEMPLATE,2rsz0hUtm0ZgRsaDJyq8ut
/Explore/capstone_project,MT_TRANSACTIONS_CLEAN,MTT,4TdBzNLoT63kdekb96s1OX
/Explore/capstone_project,MT_DIM_DEVELOPERS,MTT,amg1QFIQ1lFlwghTvoP06s
/Explore/capstone_project,MappingTask13,MTT,0wJcApv3aq7bpDMiJ48dCi
/SYS,REAL_ESTATE_SF,Connection,a7NyFRahFvSb9Ec2dYVyKz
/Explore/capstone_project,MT_DIM_DATE,MTT,0uhjVJNgZUrbQp8wTBjWie
/Explore/capstone_project,MT_DIM_CITIES,MTT,82956itcPYpet1cojXKeOJ
/Explore/capstone_project,CP_OVERALL_TASKFLOW,TASKFLOW,3n3PtCTlL1HjbHPq4L2PY1
/Explore/capstone_project,M_CITIES_DATA_CLEANING,DTEMPLATE,iNSeTeokkamlj4Bs64pZeO
/Explore/capstone_project,CP_DIMENSIONS_TASKFLOW,TASKFLOW,7FGHqUeCkCubCZyXGbVoIg
/Explore/capstone_project,MT_CITIES_CLEAN,MTT,eW3F6ITW501fmCQr8qpw6j